row_index,timeout_used,time_taken,success
0,60,2.0100114345550537,True
1,60,2.000795602798462,True
2,60,2.000901699066162,True
